test_example_id,predicted_category
0,f
1,m
2,m
3,f
4,m
5,m
6,f
7,m
8,m
9,f
10,f
11,m
12,m
13,m
14,m
15,f
16,f
17,f
18,m
19,f
20,f
21,f
22,f
23,m
24,f
25,f
26,m
27,f
28,f
29,f
30,f
31,m
32,f
33,f
34,f
35,f
36,m
37,f
38,f
39,f
40,f
41,f
42,m
43,m
44,f
45,f
46,m
47,f
48,m
49,f
50,m
51,f
52,f
53,f
54,f
55,f
56,m
57,f
58,f
59,f
60,f
61,f
62,m
63,m
64,f
65,m
66,m
67,f
68,f
69,m
70,f
71,m
72,m
73,f
74,m
75,m
76,f
77,m
78,f
79,m
80,f
81,m
82,f
83,f
84,m
85,m
86,m
87,f
88,f
89,f
90,f
91,f
92,f
93,f
94,f
95,f
96,m
97,f
98,m
99,m
100,m
101,m
102,f
103,f
104,f
105,f
106,f
107,f
108,f
109,f
110,f
111,m
112,f
113,m
114,m
115,m
116,m
117,m
118,f
119,f
120,f
121,f
122,m
123,m
124,f
125,f
126,m
127,m
128,f
129,f
130,f
131,m
132,f
133,m
134,m
135,f
136,m
137,m
138,m
139,f
140,f
141,m
142,m
143,f
144,f
145,f
146,m
147,f
148,f
149,m
150,f
151,f
152,m
153,f
154,f
155,m
156,m
157,m
158,f
159,m
160,m
161,f
162,f
163,m
164,f
165,f
166,f
167,f
168,f
169,f
170,f
171,f
172,f
173,m
174,m
175,f
176,f
177,m
178,f
179,f
180,m
181,f
182,f
183,m
184,f
185,f
186,f
187,f
188,m
189,f
190,f
191,m
192,f
193,m
194,f
195,f
196,f
197,f
198,m
199,f
200,f
201,m
202,f
203,f
204,f
205,f
206,m
207,m
208,m
209,f
210,m
211,f
212,f
213,f
214,f
215,f
216,m
217,f
218,m
219,m
220,m
221,f
222,f
223,f
224,f
225,m
226,m
227,m
228,m
229,m
230,f
231,f
232,m
233,m
234,m
235,f
236,f
237,f
238,f
239,m
240,f
241,f
242,m
243,m
244,f
245,f
246,f
247,m
248,m
249,f
250,f
251,f
252,m
253,m
254,m
255,f
256,f
257,f
258,f
259,m
260,f
261,m
262,f
263,m
264,f
265,f
266,f
267,f
268,f
269,m
270,f
271,m
272,m
273,f
274,m
275,m
276,f
277,f
278,f
279,f
280,f
281,f
282,f
283,m
284,m
285,f
286,f
287,f
288,f
289,m
290,m
291,f
292,f
293,f
294,m
295,f
296,m
297,m
298,m
299,m
300,f
301,m
302,f
303,f
304,m
305,m
306,m
307,f
308,f
309,m
310,m
311,f
312,m
313,f
314,m
315,f
316,f
317,f
318,m
319,f
320,f
321,m
322,f
